Designator,Footprint,Quantity,Value,LCSC Part #
J1,PinSocket_1x05_P2.54mm_Vertical,1,Conn_01x05,
H2,MountingHole_2.2mm_M2_DIN965_Pad,1,MountingHole,
H4,MountingHole_2.2mm_M2_DIN965_Pad,1,MountingHole,
H3,MountingHole_2.2mm_M2_DIN965_Pad,1,MountingHole,
H1,MountingHole_2.2mm_M2_DIN965_Pad,1,MountingHole,
R3,R_0603_1608Metric_Pad0.98x0.95mm_HandSolder,1,10k,C25804
C1,C_0603_1608Metric_Pad1.08x0.95mm_HandSolder,1,560pF/680pF,C84721
FB1,R_0805_2012Metric_Pad1.20x1.40mm_HandSolder,1,Ferrite_Bead_Small,C1017
J2,Hirose_FH12-10S-0.5SH_1x10-1MP_P0.50mm_Horizontal,1,Conn_01x10,C506791
R1,R_0603_1608Metric_Pad0.98x0.95mm_HandSolder,1,10k,C25804
R2,R_0603_1608Metric_Pad0.98x0.95mm_HandSolder,1,10k,C25804
C3,C_0603_1608Metric_Pad1.08x0.95mm_HandSolder,1,1uF ,C15849
J3,JST_SH_SM05B-SRSS-TB_1x05-1MP_P1.00mm_Horizontal,1,Conn_01x05_Male,
FB2,R_0805_2012Metric_Pad1.20x1.40mm_HandSolder,1,Ferrite_Bead_Small,C1017
C2,C_0603_1608Metric_Pad1.08x0.95mm_HandSolder,1,1uF,C15849
